name_switch,name_prodesen,load_zone,load_area,timestamp,capacity_factor
agua_prieta,agua_prieta,03-occidental,23-guadalajara,2009-01-31,9.167507
agua_prieta,agua_prieta,03-occidental,23-guadalajara,2009-02-29,8.801545
agua_prieta,agua_prieta,03-occidental,23-guadalajara,2009-03-31,8.873737
agua_prieta,agua_prieta,03-occidental,23-guadalajara,2009-04-30,8.199074
agua_prieta,agua_prieta,03-occidental,23-guadalajara,2009-05-31,9.212702
agua_prieta,agua_prieta,03-occidental,23-guadalajara,2009-06-30,11.750521
agua_prieta,agua_prieta,03-occidental,23-guadalajara,2009-07-31,13.458277
agua_prieta,agua_prieta,03-occidental,23-guadalajara,2009-08-31,1.517305
agua_prieta,agua_prieta,03-occidental,23-guadalajara,2009-09-30,13.395756
agua_prieta,agua_prieta,03-occidental,23-guadalajara,2009-10-31,9.988799
agua_prieta,agua_prieta,03-occidental,23-guadalajara,2009-11-30,8.557118
agua_prieta,agua_prieta,03-occidental,23-guadalajara,2009-12-31,9.067092
angostura,angostura,02-oriental,39-grijalva,2007-01-31,19.956717
angostura,angostura,02-oriental,39-grijalva,2007-02-29,15.853135
angostura,angostura,02-oriental,39-grijalva,2007-03-31,34.536964
angostura,angostura,02-oriental,39-grijalva,2007-04-30,28.792594
angostura,angostura,02-oriental,39-grijalva,2007-05-31,15.395756
angostura,angostura,02-oriental,39-grijalva,2007-06-30,11.547508
angostura,angostura,02-oriental,39-grijalva,2007-07-31,13.861652
angostura,angostura,02-oriental,39-grijalva,2007-08-31,8.878084
angostura,angostura,02-oriental,39-grijalva,2007-09-30,26.659324
angostura,angostura,02-oriental,39-grijalva,2007-10-31,28.910470
angostura,angostura,02-oriental,39-grijalva,2007-11-30,0.005145
angostura,angostura,02-oriental,39-grijalva,2007-12-31,4.181030
bacurato,bacurato,04-noroeste,04-los_mochis,2007-01-31,41.232343
bacurato,bacurato,04-noroeste,04-los_mochis,2007-02-29,62.935114
bacurato,bacurato,04-noroeste,04-los_mochis,2007-03-31,88.047629
bacurato,bacurato,04-noroeste,04-los_mochis,2007-04-30,55.798149
bacurato,bacurato,04-noroeste,04-los_mochis,2007-05-31,25.548562
bacurato,bacurato,04-noroeste,04-los_mochis,2007-06-30,11.863916
bacurato,bacurato,04-noroeste,04-los_mochis,2007-07-31,1.238315
bacurato,bacurato,04-noroeste,04-los_mochis,2007-08-31,0.138748
bacurato,bacurato,04-noroeste,04-los_mochis,2007-09-30,2.762948
bacurato,bacurato,04-noroeste,04-los_mochis,2007-10-31,43.981465
bacurato,bacurato,04-noroeste,04-los_mochis,2007-11-30,73.660504
bacurato,bacurato,04-noroeste,04-los_mochis,2007-12-31,6.458010
bombana,bombana,02-oriental,39-grijalva,2007-01-31,68.701982
bombana,bombana,02-oriental,39-grijalva,2007-02-29,47.574252
bombana,bombana,02-oriental,39-grijalva,2007-03-31,38.342901
bombana,bombana,02-oriental,39-grijalva,2007-04-30,40.455577
bombana,bombana,02-oriental,39-grijalva,2007-05-31,36.607465
bombana,bombana,02-oriental,39-grijalva,2007-06-30,53.991545
bombana,bombana,02-oriental,39-grijalva,2007-07-31,55.468712
bombana,bombana,02-oriental,39-grijalva,2007-08-31,64.654283
bombana,bombana,02-oriental,39-grijalva,2007-09-30,71.752624
bombana,bombana,02-oriental,39-grijalva,2007-10-31,61.830958
bombana,bombana,02-oriental,39-grijalva,2007-11-30,0.634038
bombana,bombana,02-oriental,39-grijalva,2007-12-31,64.444821
boquilla,boquilla,05-norte,09-chihuahua,2009-01-31,27.176043
boquilla,boquilla,05-norte,09-chihuahua,2009-02-29,66.197098
boquilla,boquilla,05-norte,09-chihuahua,2009-03-31,62.258371
boquilla,boquilla,05-norte,09-chihuahua,2009-04-30,70.784683
boquilla,boquilla,05-norte,09-chihuahua,2009-05-31,72.155172
boquilla,boquilla,05-norte,09-chihuahua,2009-06-30,78.885822
boquilla,boquilla,05-norte,09-chihuahua,2009-07-31,57.992817
boquilla,boquilla,05-norte,09-chihuahua,2009-08-31,53.799355
boquilla,boquilla,05-norte,09-chihuahua,2009-09-30,0.000000
boquilla,boquilla,05-norte,09-chihuahua,2009-10-31,0.000000
boquilla,boquilla,05-norte,09-chihuahua,2009-11-30,0.000000
boquilla,boquilla,05-norte,09-chihuahua,2009-12-31,0.000000
botello,botello,03-occidental,28-carapan,2009-01-31,40.257893
botello,botello,03-occidental,28-carapan,2009-02-29,29.773404
botello,botello,03-occidental,28-carapan,2009-03-31,38.433274
botello,botello,03-occidental,28-carapan,2009-04-30,31.346829
botello,botello,03-occidental,28-carapan,2009-05-31,14.952726
botello,botello,03-occidental,28-carapan,2009-06-30,26.859282
botello,botello,03-occidental,28-carapan,2009-07-31,38.774634
botello,botello,03-occidental,28-carapan,2009-08-31,34.945901
botello,botello,03-occidental,28-carapan,2009-09-30,42.877422
botello,botello,03-occidental,28-carapan,2009-10-31,43.061492
botello,botello,03-occidental,28-carapan,2009-11-30,49.324792
botello,botello,03-occidental,28-carapan,2009-12-31,41.016965
chicoasen,chicoasen,02-oriental,39-grijalva,2009-01-31,22.327628
chicoasen,chicoasen,02-oriental,39-grijalva,2009-02-29,26.960509
chicoasen,chicoasen,02-oriental,39-grijalva,2009-03-31,28.466705
chicoasen,chicoasen,02-oriental,39-grijalva,2009-04-30,30.653047
chicoasen,chicoasen,02-oriental,39-grijalva,2009-05-31,16.752618
chicoasen,chicoasen,02-oriental,39-grijalva,2009-06-30,23.658466
chicoasen,chicoasen,02-oriental,39-grijalva,2009-07-31,27.029378
chicoasen,chicoasen,02-oriental,39-grijalva,2009-08-31,27.883676
chicoasen,chicoasen,02-oriental,39-grijalva,2009-09-30,24.355187
chicoasen,chicoasen,02-oriental,39-grijalva,2009-10-31,21.593652
chicoasen,chicoasen,02-oriental,39-grijalva,2009-11-30,8.879726
chicoasen,chicoasen,02-oriental,39-grijalva,2009-12-31,8.237739
chilapan,chilapan,02-oriental,37-coatzacoalcos,2013-01-31,60.760680
chilapan,chilapan,02-oriental,37-coatzacoalcos,2013-02-29,45.092424
chilapan,chilapan,02-oriental,37-coatzacoalcos,2013-03-31,34.394892
chilapan,chilapan,02-oriental,37-coatzacoalcos,2013-04-30,19.885150
chilapan,chilapan,02-oriental,37-coatzacoalcos,2013-05-31,20.590157
chilapan,chilapan,02-oriental,37-coatzacoalcos,2013-06-30,35.173194
chilapan,chilapan,02-oriental,37-coatzacoalcos,2013-07-31,27.842701
chilapan,chilapan,02-oriental,37-coatzacoalcos,2013-08-31,20.070001
chilapan,chilapan,02-oriental,37-coatzacoalcos,2013-09-30,81.483093
chilapan,chilapan,02-oriental,37-coatzacoalcos,2013-10-31,78.142463
chilapan,chilapan,02-oriental,37-coatzacoalcos,2013-11-30,88.767324
chilapan,chilapan,02-oriental,37-coatzacoalcos,2013-12-31,96.471981
colimilla,colimilla,03-occidental,23-guadalajara,2007-01-31,3.634130
colimilla,colimilla,03-occidental,23-guadalajara,2007-02-29,3.916886
colimilla,colimilla,03-occidental,23-guadalajara,2007-03-31,3.476807
colimilla,colimilla,03-occidental,23-guadalajara,2007-04-30,3.631049
colimilla,colimilla,03-occidental,23-guadalajara,2007-05-31,1.736575
colimilla,colimilla,03-occidental,23-guadalajara,2007-06-30,7.674726
colimilla,colimilla,03-occidental,23-guadalajara,2007-07-31,23.728739
colimilla,colimilla,03-occidental,23-guadalajara,2007-08-31,45.906712
colimilla,colimilla,03-occidental,23-guadalajara,2007-09-30,40.696842
colimilla,colimilla,03-occidental,23-guadalajara,2007-10-31,8.243303
colimilla,colimilla,03-occidental,23-guadalajara,2007-11-30,4.855170
colimilla,colimilla,03-occidental,23-guadalajara,2007-12-31,4.778257
colina,colina,05-norte,09-chihuahua,2009-01-31,27.706228
colina,colina,05-norte,09-chihuahua,2009-02-29,55.886111
colina,colina,05-norte,09-chihuahua,2009-03-31,55.680421
colina,colina,05-norte,09-chihuahua,2009-04-30,66.026713
colina,colina,05-norte,09-chihuahua,2009-05-31,68.821326
colina,colina,05-norte,09-chihuahua,2009-06-30,74.411898
colina,colina,05-norte,09-chihuahua,2009-07-31,54.728495
colina,colina,05-norte,09-chihuahua,2009-08-31,54.817428
colina,colina,05-norte,09-chihuahua,2009-09-30,0.000000
colina,colina,05-norte,09-chihuahua,2009-10-31,0.000000
colina,colina,05-norte,09-chihuahua,2009-11-30,0.000000
colina,colina,05-norte,09-chihuahua,2009-12-31,0.000000
colotipa,colotlipa,02-oriental,35-acapulco,2007-01-31,47.110215
colotipa,colotlipa,02-oriental,35-acapulco,2007-02-29,42.690409
colotipa,colotlipa,02-oriental,35-acapulco,2007-03-31,41.616263
colotipa,colotlipa,02-oriental,35-acapulco,2007-04-30,40.885417
colotipa,colotlipa,02-oriental,35-acapulco,2007-05-31,41.246657
colotipa,colotlipa,02-oriental,35-acapulco,2007-06-30,43.368056
colotipa,colotlipa,02-oriental,35-acapulco,2007-07-31,46.992641
colotipa,colotlipa,02-oriental,35-acapulco,2007-08-31,62.533602
colotipa,colotlipa,02-oriental,35-acapulco,2007-09-30,80.868056
colotipa,colotlipa,02-oriental,35-acapulco,2007-10-31,59.811828
colotipa,colotlipa,02-oriental,35-acapulco,2007-11-30,49.861128
colotipa,colotlipa,02-oriental,35-acapulco,2007-12-31,46.589382
comedero,comedero,04-noroeste,05-culiacan,2013-01-31,23.153113
comedero,comedero,04-noroeste,05-culiacan,2013-02-29,24.055989
comedero,comedero,04-noroeste,05-culiacan,2013-03-31,5.007470
comedero,comedero,04-noroeste,05-culiacan,2013-04-30,0.271858
comedero,comedero,04-noroeste,05-culiacan,2013-05-31,11.446060
comedero,comedero,04-noroeste,05-culiacan,2013-06-30,3.798883
comedero,comedero,04-noroeste,05-culiacan,2013-07-31,13.319360
comedero,comedero,04-noroeste,05-culiacan,2013-08-31,0.000000
comedero,comedero,04-noroeste,05-culiacan,2013-09-30,0.000000
comedero,comedero,04-noroeste,05-culiacan,2013-10-31,0.000000
comedero,comedero,04-noroeste,05-culiacan,2013-11-30,0.000000
comedero,comedero,04-noroeste,05-culiacan,2013-12-31,0.000000
cupatitzio,cupatitzio,03-occidental,28-carapan,2013-01-31,55.234494
cupatitzio,cupatitzio,03-occidental,28-carapan,2013-02-29,47.905621
cupatitzio,cupatitzio,03-occidental,28-carapan,2013-03-31,25.285833
cupatitzio,cupatitzio,03-occidental,28-carapan,2013-04-30,24.682675
cupatitzio,cupatitzio,03-occidental,28-carapan,2013-05-31,49.649076
cupatitzio,cupatitzio,03-occidental,28-carapan,2013-06-30,54.757547
cupatitzio,cupatitzio,03-occidental,28-carapan,2013-07-31,65.924575
cupatitzio,cupatitzio,03-occidental,28-carapan,2013-08-31,62.337413
cupatitzio,cupatitzio,03-occidental,28-carapan,2013-09-30,54.585747
cupatitzio,cupatitzio,03-occidental,28-carapan,2013-10-31,67.110519
cupatitzio,cupatitzio,03-occidental,28-carapan,2013-11-30,65.295938
cupatitzio,cupatitzio,03-occidental,28-carapan,2013-12-31,69.639368
el_cajon,el_cajon,03-occidental,23-guadalajara,2007-01-31,5.735337
el_cajon,el_cajon,03-occidental,23-guadalajara,2007-02-29,6.299512
el_cajon,el_cajon,03-occidental,23-guadalajara,2007-03-31,3.246654
el_cajon,el_cajon,03-occidental,23-guadalajara,2007-04-30,0.103363
el_cajon,el_cajon,03-occidental,23-guadalajara,2007-05-31,34.308339
el_cajon,el_cajon,03-occidental,23-guadalajara,2007-06-30,65.190537
el_cajon,el_cajon,03-occidental,23-guadalajara,2007-07-31,20.199319
el_cajon,el_cajon,03-occidental,23-guadalajara,2007-08-31,10.022330
el_cajon,el_cajon,03-occidental,23-guadalajara,2007-09-30,7.909852
el_cajon,el_cajon,03-occidental,23-guadalajara,2007-10-31,2.413817
el_cajon,el_cajon,03-occidental,23-guadalajara,2007-11-30,0.000000
el_cajon,el_cajon,03-occidental,23-guadalajara,2007-12-31,0.000000
el_caracol,caracol,02-oriental,35-acapulco,2013-01-31,4.458532
el_caracol,caracol,02-oriental,35-acapulco,2013-02-29,5.377716
el_caracol,caracol,02-oriental,35-acapulco,2013-03-31,6.468273
el_caracol,caracol,02-oriental,35-acapulco,2013-04-30,9.416148
el_caracol,caracol,02-oriental,35-acapulco,2013-05-31,7.171983
el_caracol,caracol,02-oriental,35-acapulco,2013-06-30,27.329279
el_caracol,caracol,02-oriental,35-acapulco,2013-07-31,35.579134
el_caracol,caracol,02-oriental,35-acapulco,2013-08-31,30.011559
el_caracol,caracol,02-oriental,35-acapulco,2013-09-30,76.508216
el_caracol,caracol,02-oriental,35-acapulco,2013-10-31,53.600227
el_caracol,caracol,02-oriental,35-acapulco,2013-11-30,27.119549
el_caracol,caracol,02-oriental,35-acapulco,2013-12-31,14.625461
el_cobano,cobano,03-occidental,29-lazaro_cardenas,2009-01-31,43.131057
el_cobano,cobano,03-occidental,29-lazaro_cardenas,2009-02-29,25.826846
el_cobano,cobano,03-occidental,29-lazaro_cardenas,2009-03-31,43.442469
el_cobano,cobano,03-occidental,29-lazaro_cardenas,2009-04-30,42.437243
el_cobano,cobano,03-occidental,29-lazaro_cardenas,2009-05-31,41.500643
el_cobano,cobano,03-occidental,29-lazaro_cardenas,2009-06-30,38.661778
el_cobano,cobano,03-occidental,29-lazaro_cardenas,2009-07-31,45.324256
el_cobano,cobano,03-occidental,29-lazaro_cardenas,2009-08-31,54.782171
el_cobano,cobano,03-occidental,29-lazaro_cardenas,2009-09-30,61.286454
el_cobano,cobano,03-occidental,29-lazaro_cardenas,2009-10-31,56.825040
el_cobano,cobano,03-occidental,29-lazaro_cardenas,2009-11-30,44.425810
el_cobano,cobano,03-occidental,29-lazaro_cardenas,2009-12-31,42.659447
el_encanto,encanto,02-oriental,32-poza_rica,2013-01-31,59.611599
el_encanto,encanto,02-oriental,32-poza_rica,2013-02-29,49.369468
el_encanto,encanto,02-oriental,32-poza_rica,2013-03-31,51.854785
el_encanto,encanto,02-oriental,32-poza_rica,2013-04-30,50.742931
el_encanto,encanto,02-oriental,32-poza_rica,2013-05-31,58.254489
el_encanto,encanto,02-oriental,32-poza_rica,2013-06-30,57.057944
el_encanto,encanto,02-oriental,32-poza_rica,2013-07-31,88.066048
el_encanto,encanto,02-oriental,32-poza_rica,2013-08-31,59.307312
el_encanto,encanto,02-oriental,32-poza_rica,2013-09-30,42.828931
el_encanto,encanto,02-oriental,32-poza_rica,2013-10-31,89.100860
el_encanto,encanto,02-oriental,32-poza_rica,2013-11-30,78.991986
el_encanto,encanto,02-oriental,32-poza_rica,2013-12-31,79.883669
el_fuerte,el_fuerte,04-noroeste,04-los_mochis,2013-01-31,52.950024
el_fuerte,el_fuerte,04-noroeste,04-los_mochis,2013-02-29,40.130408
el_fuerte,el_fuerte,04-noroeste,04-los_mochis,2013-03-31,10.488331
el_fuerte,el_fuerte,04-noroeste,04-los_mochis,2013-04-30,1.280142
el_fuerte,el_fuerte,04-noroeste,04-los_mochis,2013-05-31,16.408396
el_fuerte,el_fuerte,04-noroeste,04-los_mochis,2013-06-30,72.313959
el_fuerte,el_fuerte,04-noroeste,04-los_mochis,2013-07-31,42.287469
el_fuerte,el_fuerte,04-noroeste,04-los_mochis,2013-08-31,36.522856
el_fuerte,el_fuerte,04-noroeste,04-los_mochis,2013-09-30,0.000000
el_fuerte,el_fuerte,04-noroeste,04-los_mochis,2013-10-31,0.000000
el_fuerte,el_fuerte,04-noroeste,04-los_mochis,2013-11-30,0.000000
el_fuerte,el_fuerte,04-noroeste,04-los_mochis,2013-12-31,0.000000
el_novillo,el_novillo,04-noroeste,01-hermosillo,2009-01-31,33.806092
el_novillo,el_novillo,04-noroeste,01-hermosillo,2009-02-29,41.974389
el_novillo,el_novillo,04-noroeste,01-hermosillo,2009-03-31,14.579200
el_novillo,el_novillo,04-noroeste,01-hermosillo,2009-04-30,30.513848
el_novillo,el_novillo,04-noroeste,01-hermosillo,2009-05-31,37.815528
el_novillo,el_novillo,04-noroeste,01-hermosillo,2009-06-30,34.288781
el_novillo,el_novillo,04-noroeste,01-hermosillo,2009-07-31,59.664082
el_novillo,el_novillo,04-noroeste,01-hermosillo,2009-08-31,55.945343
el_novillo,el_novillo,04-noroeste,01-hermosillo,2009-09-30,54.181077
el_novillo,el_novillo,04-noroeste,01-hermosillo,2009-10-31,40.309449
el_novillo,el_novillo,04-noroeste,01-hermosillo,2009-11-30,18.008171
el_novillo,el_novillo,04-noroeste,01-hermosillo,2009-12-31,14.376743
el_platanal,platanal,03-occidental,28-carapan,2007-01-31,39.522529
el_platanal,platanal,03-occidental,28-carapan,2007-02-29,36.603722
el_platanal,platanal,03-occidental,28-carapan,2007-03-31,35.852961
el_platanal,platanal,03-occidental,28-carapan,2007-04-30,35.008818
el_platanal,platanal,03-occidental,28-carapan,2007-05-31,31.458013
el_platanal,platanal,03-occidental,28-carapan,2007-06-30,45.017637
el_platanal,platanal,03-occidental,28-carapan,2007-07-31,64.270780
el_platanal,platanal,03-occidental,28-carapan,2007-08-31,66.564260
el_platanal,platanal,03-occidental,28-carapan,2007-09-30,59.589947
el_platanal,platanal,03-occidental,28-carapan,2007-10-31,48.376429
el_platanal,platanal,03-occidental,28-carapan,2007-11-30,28.295855
el_platanal,platanal,03-occidental,28-carapan,2007-12-31,34.124851
el_salto,el_salto,06-noreste,18-valles,2007-01-31,30.791069
el_salto,el_salto,06-noreste,18-valles,2007-02-29,20.985073
el_salto,el_salto,06-noreste,18-valles,2007-03-31,32.830720
el_salto,el_salto,06-noreste,18-valles,2007-04-30,25.769213
el_salto,el_salto,06-noreste,18-valles,2007-05-31,27.930705
el_salto,el_salto,06-noreste,18-valles,2007-06-30,51.077546
el_salto,el_salto,06-noreste,18-valles,2007-07-31,98.896729
el_salto,el_salto,06-noreste,18-valles,2007-08-31,98.308244
el_salto,el_salto,06-noreste,18-valles,2007-09-30,100.715818
el_salto,el_salto,06-noreste,18-valles,2007-10-31,98.275388
el_salto,el_salto,06-noreste,18-valles,2007-11-30,87.744753
el_salto,el_salto,06-noreste,18-valles,2007-12-31,64.422835
electroquimica,electroquimica,06-noreste,18-valles,2013-01-31,74.983199
electroquimica,electroquimica,06-noreste,18-valles,2013-02-29,72.277898
electroquimica,electroquimica,06-noreste,18-valles,2013-03-31,74.932049
electroquimica,electroquimica,06-noreste,18-valles,2013-04-30,65.462191
electroquimica,electroquimica,06-noreste,18-valles,2013-05-31,67.566458
electroquimica,electroquimica,06-noreste,18-valles,2013-06-30,71.447724
electroquimica,electroquimica,06-noreste,18-valles,2013-07-31,69.404869
electroquimica,electroquimica,06-noreste,18-valles,2013-08-31,73.906343
electroquimica,electroquimica,06-noreste,18-valles,2013-09-30,75.387924
electroquimica,electroquimica,06-noreste,18-valles,2013-10-31,74.838336
electroquimica,electroquimica,06-noreste,18-valles,2013-11-30,20.290799
electroquimica,electroquimica,06-noreste,18-valles,2013-12-31,10.311660
falcon,falcon,06-noreste,13-nuevo_laredo,2007-01-31,5.695341
falcon,falcon,06-noreste,13-nuevo_laredo,2007-02-29,7.353690
falcon,falcon,06-noreste,13-nuevo_laredo,2007-03-31,16.562216
falcon,falcon,06-noreste,13-nuevo_laredo,2007-04-30,56.870437
falcon,falcon,06-noreste,13-nuevo_laredo,2007-05-31,57.925448
falcon,falcon,06-noreste,13-nuevo_laredo,2007-06-30,18.603571
falcon,falcon,06-noreste,13-nuevo_laredo,2007-07-31,3.275597
falcon,falcon,06-noreste,13-nuevo_laredo,2007-08-31,13.080675
falcon,falcon,06-noreste,13-nuevo_laredo,2007-09-30,8.985476
falcon,falcon,06-noreste,13-nuevo_laredo,2007-10-31,13.399100
falcon,falcon,06-noreste,13-nuevo_laredo,2007-11-30,4.531720
falcon,falcon,06-noreste,13-nuevo_laredo,2007-12-31,36.029433
huites,huites,04-noroeste,03-obregon,2013-01-31,1.808747
huites,huites,04-noroeste,03-obregon,2013-02-29,3.861159
huites,huites,04-noroeste,03-obregon,2013-03-31,11.989919
huites,huites,04-noroeste,03-obregon,2013-04-30,4.166962
huites,huites,04-noroeste,03-obregon,2013-05-31,2.806886
huites,huites,04-noroeste,03-obregon,2013-06-30,1.390692
huites,huites,04-noroeste,03-obregon,2013-07-31,2.164416
huites,huites,04-noroeste,03-obregon,2013-08-31,21.643841
huites,huites,04-noroeste,03-obregon,2013-09-30,46.002512
huites,huites,04-noroeste,03-obregon,2013-10-31,46.597544
huites,huites,04-noroeste,03-obregon,2013-11-30,26.435915
huites,huites,04-noroeste,03-obregon,2013-12-31,31.856791
humaya,humaya,04-noroeste,05-culiacan,2013-01-31,18.635890
humaya,humaya,04-noroeste,05-culiacan,2013-02-29,23.508694
humaya,humaya,04-noroeste,05-culiacan,2013-03-31,29.780723
humaya,humaya,04-noroeste,05-culiacan,2013-04-30,17.703140
humaya,humaya,04-noroeste,05-culiacan,2013-05-31,0.181329
humaya,humaya,04-noroeste,05-culiacan,2013-06-30,1.839694
humaya,humaya,04-noroeste,05-culiacan,2013-07-31,0.865735
humaya,humaya,04-noroeste,05-culiacan,2013-08-31,17.384462
humaya,humaya,04-noroeste,05-culiacan,2013-09-30,14.050296
humaya,humaya,04-noroeste,05-culiacan,2013-10-31,26.370140
humaya,humaya,04-noroeste,05-culiacan,2013-11-30,0.000000
humaya,humaya,04-noroeste,05-culiacan,2013-12-31,0.000000
infernillo,infiernillo,03-occidental,29-lazaro_cardenas,2009-01-31,19.125611
infernillo,infiernillo,03-occidental,29-lazaro_cardenas,2009-02-29,27.863239
infernillo,infiernillo,03-occidental,29-lazaro_cardenas,2009-03-31,21.319930
infernillo,infiernillo,03-occidental,29-lazaro_cardenas,2009-04-30,28.544412
infernillo,infiernillo,03-occidental,29-lazaro_cardenas,2009-05-31,26.963893
infernillo,infiernillo,03-occidental,29-lazaro_cardenas,2009-06-30,27.098384
infernillo,infiernillo,03-occidental,29-lazaro_cardenas,2009-07-31,25.626258
infernillo,infiernillo,03-occidental,29-lazaro_cardenas,2009-08-31,15.888606
infernillo,infiernillo,03-occidental,29-lazaro_cardenas,2009-09-30,10.433530
infernillo,infiernillo,03-occidental,29-lazaro_cardenas,2009-10-31,12.922950
infernillo,infiernillo,03-occidental,29-lazaro_cardenas,2009-11-30,15.006455
infernillo,infiernillo,03-occidental,29-lazaro_cardenas,2009-12-31,12.041385
itzicuaro,itzicuaro,03-occidental,28-carapan,2009-01-31,78.838184
itzicuaro,itzicuaro,03-occidental,28-carapan,2009-02-29,68.029997
itzicuaro,itzicuaro,03-occidental,28-carapan,2009-03-31,74.042123
itzicuaro,itzicuaro,03-occidental,28-carapan,2009-04-30,72.589699
itzicuaro,itzicuaro,03-occidental,28-carapan,2009-05-31,72.750810
itzicuaro,itzicuaro,03-occidental,28-carapan,2009-06-30,74.584224
itzicuaro,itzicuaro,03-occidental,28-carapan,2009-07-31,76.810639
itzicuaro,itzicuaro,03-occidental,28-carapan,2009-08-31,77.519730
itzicuaro,itzicuaro,03-occidental,28-carapan,2009-09-30,77.463497
itzicuaro,itzicuaro,03-occidental,28-carapan,2009-10-31,68.077095
itzicuaro,itzicuaro,03-occidental,28-carapan,2009-11-30,77.005208
itzicuaro,itzicuaro,03-occidental,28-carapan,2009-12-31,76.131057
ixtaczoquitlan,ixtaczoquitlan,02-oriental,36-temascal,2007-01-31,61.407426
ixtaczoquitlan,ixtaczoquitlan,02-oriental,36-temascal,2007-02-29,74.498114
ixtaczoquitlan,ixtaczoquitlan,02-oriental,36-temascal,2007-03-31,65.956233
ixtaczoquitlan,ixtaczoquitlan,02-oriental,36-temascal,2007-04-30,71.410156
ixtaczoquitlan,ixtaczoquitlan,02-oriental,36-temascal,2007-05-31,74.043011
ixtaczoquitlan,ixtaczoquitlan,02-oriental,36-temascal,2007-06-30,82.731163
ixtaczoquitlan,ixtaczoquitlan,02-oriental,36-temascal,2007-07-31,88.924563
ixtaczoquitlan,ixtaczoquitlan,02-oriental,36-temascal,2007-08-31,84.987483
ixtaczoquitlan,ixtaczoquitlan,02-oriental,36-temascal,2007-09-30,86.672917
ixtaczoquitlan,ixtaczoquitlan,02-oriental,36-temascal,2007-10-31,84.755544
ixtaczoquitlan,ixtaczoquitlan,02-oriental,36-temascal,2007-11-30,0.000000
ixtaczoquitlan,ixtaczoquitlan,02-oriental,36-temascal,2007-12-31,0.000000
jumatan,jumatan,03-occidental,22-tepic,2009-01-31,53.317365
jumatan,jumatan,03-occidental,22-tepic,2009-02-29,36.768032
jumatan,jumatan,03-occidental,22-tepic,2009-03-31,34.546525
jumatan,jumatan,03-occidental,22-tepic,2009-04-30,13.819126
jumatan,jumatan,03-occidental,22-tepic,2009-05-31,4.560151
jumatan,jumatan,03-occidental,22-tepic,2009-06-30,56.035805
jumatan,jumatan,03-occidental,22-tepic,2009-07-31,72.193265
jumatan,jumatan,03-occidental,22-tepic,2009-08-31,66.644286
jumatan,jumatan,03-occidental,22-tepic,2009-09-30,77.842444
jumatan,jumatan,03-occidental,22-tepic,2009-10-31,68.677925
jumatan,jumatan,03-occidental,22-tepic,2009-11-30,77.711837
jumatan,jumatan,03-occidental,22-tepic,2009-12-31,0.000000
la_amistad,la_amistad,06-noreste,12-rio_escondido,2013-01-31,47.166911
la_amistad,la_amistad,06-noreste,12-rio_escondido,2013-02-29,35.311379
la_amistad,la_amistad,06-noreste,12-rio_escondido,2013-03-31,10.464997
la_amistad,la_amistad,06-noreste,12-rio_escondido,2013-04-30,36.058047
la_amistad,la_amistad,06-noreste,12-rio_escondido,2013-05-31,7.966819
la_amistad,la_amistad,06-noreste,12-rio_escondido,2013-06-30,3.084400
la_amistad,la_amistad,06-noreste,12-rio_escondido,2013-07-31,12.082403
la_amistad,la_amistad,06-noreste,12-rio_escondido,2013-08-31,11.519418
la_amistad,la_amistad,06-noreste,12-rio_escondido,2013-09-30,7.798500
la_amistad,la_amistad,06-noreste,12-rio_escondido,2013-10-31,7.807340
la_amistad,la_amistad,06-noreste,12-rio_escondido,2013-11-30,0.000000
la_amistad,la_amistad,06-noreste,12-rio_escondido,2013-12-31,0.000000
la_villita,villita,03-occidental,29-lazaro_cardenas,2009-01-31,28.520257
la_villita,villita,03-occidental,29-lazaro_cardenas,2009-02-29,41.229584
la_villita,villita,03-occidental,29-lazaro_cardenas,2009-03-31,32.743121
la_villita,villita,03-occidental,29-lazaro_cardenas,2009-04-30,45.050938
la_villita,villita,03-occidental,29-lazaro_cardenas,2009-05-31,44.324280
la_villita,villita,03-occidental,29-lazaro_cardenas,2009-06-30,47.204674
la_villita,villita,03-occidental,29-lazaro_cardenas,2009-07-31,45.622581
la_villita,villita,03-occidental,29-lazaro_cardenas,2009-08-31,28.338275
la_villita,villita,03-occidental,29-lazaro_cardenas,2009-09-30,17.153201
la_villita,villita,03-occidental,29-lazaro_cardenas,2009-10-31,20.359422
la_villita,villita,03-occidental,29-lazaro_cardenas,2009-11-30,22.345468
la_villita,villita,03-occidental,29-lazaro_cardenas,2009-12-31,17.972611
la_yesca,la_yesca,03-occidental,23-guadalajara,2013-01-31,0.000000
la_yesca,la_yesca,03-occidental,23-guadalajara,2013-02-29,0.000000
la_yesca,la_yesca,03-occidental,23-guadalajara,2013-03-31,0.000000
la_yesca,la_yesca,03-occidental,23-guadalajara,2013-04-30,0.000000
la_yesca,la_yesca,03-occidental,23-guadalajara,2013-05-31,0.000000
la_yesca,la_yesca,03-occidental,23-guadalajara,2013-06-30,0.000000
la_yesca,la_yesca,03-occidental,23-guadalajara,2013-07-31,0.000000
la_yesca,la_yesca,03-occidental,23-guadalajara,2013-08-31,0.000000
la_yesca,la_yesca,03-occidental,23-guadalajara,2013-09-30,0.000000
la_yesca,la_yesca,03-occidental,23-guadalajara,2013-10-31,0.000000
la_yesca,la_yesca,03-occidental,23-guadalajara,2013-11-30,0.000000
la_yesca,la_yesca,03-occidental,23-guadalajara,2013-12-31,0.000000
las_minas,minas,02-oriental,36-temascal,2009-01-31,68.316532
las_minas,minas,02-oriental,36-temascal,2009-02-29,66.995192
las_minas,minas,02-oriental,36-temascal,2009-03-31,68.462446
las_minas,minas,02-oriental,36-temascal,2009-04-30,64.578546
las_minas,minas,02-oriental,36-temascal,2009-05-31,63.923790
las_minas,minas,02-oriental,36-temascal,2009-06-30,59.686120
las_minas,minas,02-oriental,36-temascal,2009-07-31,61.003943
las_minas,minas,02-oriental,36-temascal,2009-08-31,61.167097
las_minas,minas,02-oriental,36-temascal,2009-09-30,68.356667
las_minas,minas,02-oriental,36-temascal,2009-10-31,74.260529
las_minas,minas,02-oriental,36-temascal,2009-11-30,72.081028
las_minas,minas,02-oriental,36-temascal,2009-12-31,65.282088
macuzari,mocuzari,04-noroeste,03-obregon,2013-01-31,95.822245
macuzari,mocuzari,04-noroeste,03-obregon,2013-02-29,103.284588
macuzari,mocuzari,04-noroeste,03-obregon,2013-03-31,88.767333
macuzari,mocuzari,04-noroeste,03-obregon,2013-04-30,13.564525
macuzari,mocuzari,04-noroeste,03-obregon,2013-05-31,3.785450
macuzari,mocuzari,04-noroeste,03-obregon,2013-06-30,95.427069
macuzari,mocuzari,04-noroeste,03-obregon,2013-07-31,81.340390
macuzari,mocuzari,04-noroeste,03-obregon,2013-08-31,0.000000
macuzari,mocuzari,04-noroeste,03-obregon,2013-09-30,0.000000
macuzari,mocuzari,04-noroeste,03-obregon,2013-10-31,0.000000
macuzari,mocuzari,04-noroeste,03-obregon,2013-11-30,0.000000
macuzari,mocuzari,04-noroeste,03-obregon,2013-12-31,0.000000
malpaso,malpaso,02-oriental,39-grijalva,2013-01-31,11.434782
malpaso,malpaso,02-oriental,39-grijalva,2013-02-29,19.214522
malpaso,malpaso,02-oriental,39-grijalva,2013-03-31,21.618150
malpaso,malpaso,02-oriental,39-grijalva,2013-04-30,26.360742
malpaso,malpaso,02-oriental,39-grijalva,2013-05-31,30.182905
malpaso,malpaso,02-oriental,39-grijalva,2013-06-30,27.818542
malpaso,malpaso,02-oriental,39-grijalva,2013-07-31,30.432832
malpaso,malpaso,02-oriental,39-grijalva,2013-08-31,35.675222
malpaso,malpaso,02-oriental,39-grijalva,2013-09-30,41.504091
malpaso,malpaso,02-oriental,39-grijalva,2013-10-31,50.054175
malpaso,malpaso,02-oriental,39-grijalva,2013-11-30,28.777871
malpaso,malpaso,02-oriental,39-grijalva,2013-12-31,36.949290
mazatepec,mazatepec,02-oriental,32-poza_rica,2009-01-31,17.673702
mazatepec,mazatepec,02-oriental,32-poza_rica,2009-02-29,23.369696
mazatepec,mazatepec,02-oriental,32-poza_rica,2009-03-31,22.058328
mazatepec,mazatepec,02-oriental,32-poza_rica,2009-04-30,14.505674
mazatepec,mazatepec,02-oriental,32-poza_rica,2009-05-31,16.095473
mazatepec,mazatepec,02-oriental,32-poza_rica,2009-06-30,17.336685
mazatepec,mazatepec,02-oriental,32-poza_rica,2009-07-31,27.250346
mazatepec,mazatepec,02-oriental,32-poza_rica,2009-08-31,23.575323
mazatepec,mazatepec,02-oriental,32-poza_rica,2009-09-30,63.324236
mazatepec,mazatepec,02-oriental,32-poza_rica,2009-10-31,58.576331
mazatepec,mazatepec,02-oriental,32-poza_rica,2009-11-30,26.018514
mazatepec,mazatepec,02-oriental,32-poza_rica,2009-12-31,27.811898
micos,micos,06-noreste,18-valles,2013-01-31,41.534407
micos,micos,06-noreste,18-valles,2013-02-29,40.424728
micos,micos,06-noreste,18-valles,2013-03-31,37.047152
micos,micos,06-noreste,18-valles,2013-04-30,20.059956
micos,micos,06-noreste,18-valles,2013-05-31,0.152186
micos,micos,06-noreste,18-valles,2013-06-30,18.998102
micos,micos,06-noreste,18-valles,2013-07-31,46.627673
micos,micos,06-noreste,18-valles,2013-08-31,49.546566
micos,micos,06-noreste,18-valles,2013-09-30,52.257550
micos,micos,06-noreste,18-valles,2013-10-31,46.134776
micos,micos,06-noreste,18-valles,2013-11-30,50.039769
micos,micos,06-noreste,18-valles,2013-12-31,0.000000
oviachic,oviachic,04-noroeste,03-obregon,2013-01-31,92.731708
oviachic,oviachic,04-noroeste,03-obregon,2013-02-29,97.039511
oviachic,oviachic,04-noroeste,03-obregon,2013-03-31,90.390863
oviachic,oviachic,04-noroeste,03-obregon,2013-04-30,42.970269
oviachic,oviachic,04-noroeste,03-obregon,2013-05-31,7.535800
oviachic,oviachic,04-noroeste,03-obregon,2013-06-30,8.200029
oviachic,oviachic,04-noroeste,03-obregon,2013-07-31,3.571580
oviachic,oviachic,04-noroeste,03-obregon,2013-08-31,8.030620
oviachic,oviachic,04-noroeste,03-obregon,2013-09-30,4.587695
oviachic,oviachic,04-noroeste,03-obregon,2013-10-31,17.065349
oviachic,oviachic,04-noroeste,03-obregon,2013-11-30,91.520399
oviachic,oviachic,04-noroeste,03-obregon,2013-12-31,53.048772
penitas,penitas,02-oriental,38-tabasco,2013-01-31,27.249863
penitas,penitas,02-oriental,38-tabasco,2013-02-29,27.045163
penitas,penitas,02-oriental,38-tabasco,2013-03-31,27.298303
penitas,penitas,02-oriental,38-tabasco,2013-04-30,32.408570
penitas,penitas,02-oriental,38-tabasco,2013-05-31,39.972676
penitas,penitas,02-oriental,38-tabasco,2013-06-30,39.722567
penitas,penitas,02-oriental,38-tabasco,2013-07-31,41.604016
penitas,penitas,02-oriental,38-tabasco,2013-08-31,49.811627
penitas,penitas,02-oriental,38-tabasco,2013-09-30,56.555000
penitas,penitas,02-oriental,38-tabasco,2013-10-31,63.449763
penitas,penitas,02-oriental,38-tabasco,2013-11-30,57.400217
penitas,penitas,02-oriental,38-tabasco,2013-12-31,61.794682
puente_grande,puente_grande,03-occidental,23-guadalajara,2007-01-31,13.083035
puente_grande,puente_grande,03-occidental,23-guadalajara,2007-02-29,15.177235
puente_grande,puente_grande,03-occidental,23-guadalajara,2007-03-31,12.889755
puente_grande,puente_grande,03-occidental,23-guadalajara,2007-04-30,14.226466
puente_grande,puente_grande,03-occidental,23-guadalajara,2007-05-31,5.619758
puente_grande,puente_grande,03-occidental,23-guadalajara,2007-06-30,22.981497
puente_grande,puente_grande,03-occidental,23-guadalajara,2007-07-31,66.356930
puente_grande,puente_grande,03-occidental,23-guadalajara,2007-08-31,104.371117
puente_grande,puente_grande,03-occidental,23-guadalajara,2007-09-30,85.646111
puente_grande,puente_grande,03-occidental,23-guadalajara,2007-10-31,28.956631
puente_grande,puente_grande,03-occidental,23-guadalajara,2007-11-30,10.038349
puente_grande,puente_grande,03-occidental,23-guadalajara,2007-12-31,20.240786
sanalona,sanalona,04-noroeste,05-culiacan,2007-01-31,98.743904
sanalona,sanalona,04-noroeste,05-culiacan,2007-02-29,91.489563
sanalona,sanalona,04-noroeste,05-culiacan,2007-03-31,91.641705
sanalona,sanalona,04-noroeste,05-culiacan,2007-04-30,69.196548
sanalona,sanalona,04-noroeste,05-culiacan,2007-05-31,40.036166
sanalona,sanalona,04-noroeste,05-culiacan,2007-06-30,35.448690
sanalona,sanalona,04-noroeste,05-culiacan,2007-07-31,23.504829
sanalona,sanalona,04-noroeste,05-culiacan,2007-08-31,13.727381
sanalona,sanalona,04-noroeste,05-culiacan,2007-09-30,12.918740
sanalona,sanalona,04-noroeste,05-culiacan,2007-10-31,85.811223
sanalona,sanalona,04-noroeste,05-culiacan,2007-11-30,90.398631
sanalona,sanalona,04-noroeste,05-culiacan,2007-12-31,18.603437
santa_rosa,santa_rosa,03-occidental,23-guadalajara,2009-01-31,15.616359
santa_rosa,santa_rosa,03-occidental,23-guadalajara,2009-02-29,19.014163
santa_rosa,santa_rosa,03-occidental,23-guadalajara,2009-03-31,30.923579
santa_rosa,santa_rosa,03-occidental,23-guadalajara,2009-04-30,29.552183
santa_rosa,santa_rosa,03-occidental,23-guadalajara,2009-05-31,19.971006
santa_rosa,santa_rosa,03-occidental,23-guadalajara,2009-06-30,17.417460
santa_rosa,santa_rosa,03-occidental,23-guadalajara,2009-07-31,30.669355
santa_rosa,santa_rosa,03-occidental,23-guadalajara,2009-08-31,19.977151
santa_rosa,santa_rosa,03-occidental,23-guadalajara,2009-09-30,83.568056
santa_rosa,santa_rosa,03-occidental,23-guadalajara,2009-10-31,43.861751
santa_rosa,santa_rosa,03-occidental,23-guadalajara,2009-11-30,13.004365
santa_rosa,santa_rosa,03-occidental,23-guadalajara,2009-12-31,8.969470
schpoina,schpoina,02-oriental,39-grijalva,2007-01-31,34.083621
schpoina,schpoina,02-oriental,39-grijalva,2007-02-29,28.629349
schpoina,schpoina,02-oriental,39-grijalva,2007-03-31,24.271013
schpoina,schpoina,02-oriental,39-grijalva,2007-04-30,31.209883
schpoina,schpoina,02-oriental,39-grijalva,2007-05-31,37.150418
schpoina,schpoina,02-oriental,39-grijalva,2007-06-30,48.399368
schpoina,schpoina,02-oriental,39-grijalva,2007-07-31,49.968918
schpoina,schpoina,02-oriental,39-grijalva,2007-08-31,48.066016
schpoina,schpoina,02-oriental,39-grijalva,2007-09-30,51.213294
schpoina,schpoina,02-oriental,39-grijalva,2007-10-31,52.547343
schpoina,schpoina,02-oriental,39-grijalva,2007-11-30,50.132068
schpoina,schpoina,02-oriental,39-grijalva,2007-12-31,40.418707
solidaridad,aguamilpa_solidaridad,03-occidental,22-tepic,2009-01-31,14.366900
solidaridad,aguamilpa_solidaridad,03-occidental,22-tepic,2009-02-29,25.918642
solidaridad,aguamilpa_solidaridad,03-occidental,22-tepic,2009-03-31,27.095654
solidaridad,aguamilpa_solidaridad,03-occidental,22-tepic,2009-04-30,25.551215
solidaridad,aguamilpa_solidaridad,03-occidental,22-tepic,2009-05-31,23.889309
solidaridad,aguamilpa_solidaridad,03-occidental,22-tepic,2009-06-30,18.012442
solidaridad,aguamilpa_solidaridad,03-occidental,22-tepic,2009-07-31,12.282006
solidaridad,aguamilpa_solidaridad,03-occidental,22-tepic,2009-08-31,13.064656
solidaridad,aguamilpa_solidaridad,03-occidental,22-tepic,2009-09-30,8.083623
solidaridad,aguamilpa_solidaridad,03-occidental,22-tepic,2009-10-31,9.163026
solidaridad,aguamilpa_solidaridad,03-occidental,22-tepic,2009-11-30,7.844184
solidaridad,aguamilpa_solidaridad,03-occidental,22-tepic,2009-12-31,7.679211
tamazulapan,tamazulapan,02-oriental,36-temascal,2007-01-31,21.807850
tamazulapan,tamazulapan,02-oriental,36-temascal,2007-02-29,20.775862
tamazulapan,tamazulapan,02-oriental,36-temascal,2007-03-31,10.599907
tamazulapan,tamazulapan,02-oriental,36-temascal,2007-04-30,18.542003
tamazulapan,tamazulapan,02-oriental,36-temascal,2007-05-31,20.189256
tamazulapan,tamazulapan,02-oriental,36-temascal,2007-06-30,30.160282
tamazulapan,tamazulapan,02-oriental,36-temascal,2007-07-31,32.428568
tamazulapan,tamazulapan,02-oriental,36-temascal,2007-08-31,28.487090
tamazulapan,tamazulapan,02-oriental,36-temascal,2007-09-30,33.050123
tamazulapan,tamazulapan,02-oriental,36-temascal,2007-10-31,27.140457
tamazulapan,tamazulapan,02-oriental,36-temascal,2007-11-30,16.557180
tamazulapan,tamazulapan,02-oriental,36-temascal,2007-12-31,20.767159
temascal,temascal,02-oriental,36-temascal,2013-01-31,29.382513
temascal,temascal,02-oriental,36-temascal,2013-02-29,21.418072
temascal,temascal,02-oriental,36-temascal,2013-03-31,39.583121
temascal,temascal,02-oriental,36-temascal,2013-04-30,53.089158
temascal,temascal,02-oriental,36-temascal,2013-05-31,31.273310
temascal,temascal,02-oriental,36-temascal,2013-06-30,57.471154
temascal,temascal,02-oriental,36-temascal,2013-07-31,49.036565
temascal,temascal,02-oriental,36-temascal,2013-08-31,50.727345
temascal,temascal,02-oriental,36-temascal,2013-09-30,77.948741
temascal,temascal,02-oriental,36-temascal,2013-10-31,40.295168
temascal,temascal,02-oriental,36-temascal,2013-11-30,28.761839
temascal,temascal,02-oriental,36-temascal,2013-12-31,23.728814
texolo,texolo,02-oriental,33-veracruz,2009-01-31,85.621388
texolo,texolo,02-oriental,33-veracruz,2009-02-29,70.895384
texolo,texolo,02-oriental,33-veracruz,2009-03-31,57.755208
texolo,texolo,02-oriental,33-veracruz,2009-04-30,46.662500
texolo,texolo,02-oriental,33-veracruz,2009-05-31,44.464970
texolo,texolo,02-oriental,33-veracruz,2009-06-30,49.560156
texolo,texolo,02-oriental,33-veracruz,2009-07-31,85.066532
texolo,texolo,02-oriental,33-veracruz,2009-08-31,92.403898
texolo,texolo,02-oriental,33-veracruz,2009-09-30,94.395226
texolo,texolo,02-oriental,33-veracruz,2009-10-31,92.102403
texolo,texolo,02-oriental,33-veracruz,2009-11-30,97.249566
texolo,texolo,02-oriental,33-veracruz,2009-12-31,88.801243
tirio,tirio,03-occidental,28-carapan,2013-01-31,34.696060
tirio,tirio,03-occidental,28-carapan,2013-02-29,27.351157
tirio,tirio,03-occidental,28-carapan,2013-03-31,22.584937
tirio,tirio,03-occidental,28-carapan,2013-04-30,28.246781
tirio,tirio,03-occidental,28-carapan,2013-05-31,10.540161
tirio,tirio,03-occidental,28-carapan,2013-06-30,3.513788
tirio,tirio,03-occidental,28-carapan,2013-07-31,28.507623
tirio,tirio,03-occidental,28-carapan,2013-08-31,17.673137
tirio,tirio,03-occidental,28-carapan,2013-09-30,20.244576
tirio,tirio,03-occidental,28-carapan,2013-10-31,53.615052
tirio,tirio,03-occidental,28-carapan,2013-11-30,51.544252
tirio,tirio,03-occidental,28-carapan,2013-12-31,31.184390
tuxpango,tuxpango,02-oriental,36-temascal,2013-01-31,53.677382
tuxpango,tuxpango,02-oriental,36-temascal,2013-02-29,41.420742
tuxpango,tuxpango,02-oriental,36-temascal,2013-03-31,35.856959
tuxpango,tuxpango,02-oriental,36-temascal,2013-04-30,37.930575
tuxpango,tuxpango,02-oriental,36-temascal,2013-05-31,30.865136
tuxpango,tuxpango,02-oriental,36-temascal,2013-06-30,62.149360
tuxpango,tuxpango,02-oriental,36-temascal,2013-07-31,82.279226
tuxpango,tuxpango,02-oriental,36-temascal,2013-08-31,82.513127
tuxpango,tuxpango,02-oriental,36-temascal,2013-09-30,74.478665
tuxpango,tuxpango,02-oriental,36-temascal,2013-10-31,84.048984
tuxpango,tuxpango,02-oriental,36-temascal,2013-11-30,85.163418
tuxpango,tuxpango,02-oriental,36-temascal,2013-12-31,68.436947
zimapan,zimapan,03-occidental,30-queretaro,2007-01-31,50.121105
zimapan,zimapan,03-occidental,30-queretaro,2007-02-29,44.089193
zimapan,zimapan,03-occidental,30-queretaro,2007-03-31,54.992183
zimapan,zimapan,03-occidental,30-queretaro,2007-04-30,55.860566
zimapan,zimapan,03-occidental,30-queretaro,2007-05-31,52.689175
zimapan,zimapan,03-occidental,30-queretaro,2007-06-30,40.640826
zimapan,zimapan,03-occidental,30-queretaro,2007-07-31,81.306654
zimapan,zimapan,03-occidental,30-queretaro,2007-08-31,93.707778
zimapan,zimapan,03-occidental,30-queretaro,2007-09-30,94.770087
zimapan,zimapan,03-occidental,30-queretaro,2007-10-31,94.713873
zimapan,zimapan,03-occidental,30-queretaro,2007-11-30,92.416545
zimapan,zimapan,03-occidental,30-queretaro,2007-12-31,81.525098
zumpinito,zumpimito,03-occidental,28-carapan,2007-01-31,52.617784
zumpinito,zumpimito,03-occidental,28-carapan,2007-02-29,52.318623
zumpinito,zumpimito,03-occidental,28-carapan,2007-03-31,51.913162
zumpinito,zumpimito,03-occidental,28-carapan,2007-04-30,46.338376
zumpinito,zumpimito,03-occidental,28-carapan,2007-05-31,17.350918
zumpinito,zumpimito,03-occidental,28-carapan,2007-06-30,33.993271
zumpinito,zumpimito,03-occidental,28-carapan,2007-07-31,56.112711
zumpinito,zumpimito,03-occidental,28-carapan,2007-08-31,60.242704
zumpinito,zumpimito,03-occidental,28-carapan,2007-09-30,63.213938
zumpinito,zumpimito,03-occidental,28-carapan,2007-10-31,60.464894
zumpinito,zumpimito,03-occidental,28-carapan,2007-11-30,58.256614
zumpinito,zumpimito,03-occidental,28-carapan,2007-12-31,55.806724
